Daily Rainfall Total (mm),Datetime,category
442.49999999999994,2013-11-04,2
868.0000000000001,2013-11-05,3
15.2,2013-11-06,0
0.0,2013-11-07,0
69.10000000000002,2013-11-08,1
328.0,2013-11-09,2
123.9,2013-11-10,1
338.9,2013-11-11,2
91.70000000000002,2013-11-12,1
718.1,2013-11-13,3
34.800000000000004,2013-11-14,0
82.3,2013-11-15,1
140.6,2013-11-16,1
8.600000000000001,2013-11-17,0
41.3,2013-11-18,0
126.29999999999998,2013-11-19,1
110.89999999999999,2013-11-20,1
75.60000000000001,2013-11-21,1
636.2,2013-11-22,3
37.10000000000001,2013-11-23,0
118.49999999999997,2013-11-24,1
322.1,2013-11-25,2
73.10000000000001,2013-11-26,1
153.50000000000003,2013-11-27,1
49.0,2013-11-28,0
340.99999999999994,2013-11-29,2
729.2,2013-11-30,3
415.3,2013-12-01,2
158.0,2013-12-02,1
943.6000000000001,2013-12-03,3
31.7,2013-12-04,0
27.0,2013-12-05,0
319.8,2013-12-06,2
0.0,2013-12-07,0
483.0,2013-12-08,2
2.8000000000000003,2013-12-09,0
68.4,2013-12-10,1
185.49999999999997,2013-12-11,1
125.60000000000001,2013-12-12,1
67.0,2013-12-13,1
228.3,2013-12-14,2
263.8,2013-12-15,2
0.2,2013-12-16,0
0.30000000000000004,2013-12-17,0
1137.2,2013-12-18,3
11.3,2013-12-19,0
236.99999999999997,2013-12-20,2
0.7000000000000001,2013-12-21,0
6.7,2013-12-22,0
24.5,2013-12-23,0
6.5,2013-12-24,0
4.6,2013-12-25,0
159.2,2013-12-26,1
43.50000000000001,2013-12-27,0
32.900000000000006,2013-12-28,0
2.2,2013-12-29,0
64.7,2013-12-30,1
36.4,2013-12-31,0
1.4,2014-01-01,0
0.6000000000000001,2014-01-02,0
65.5,2014-01-03,1
218.6,2014-01-04,2
127.09999999999998,2014-01-05,1
740.5999999999999,2014-01-06,3
56.099999999999994,2014-01-07,1
0.0,2014-01-08,0
76.2,2014-01-09,1
23.200000000000003,2014-01-10,0
105.39999999999999,2014-01-11,1
63.1,2014-01-12,1
0.0,2014-01-13,0
0.6,2014-01-14,0
1.4,2014-01-15,0
0.0,2014-01-16,0
0.0,2014-01-17,0
0.0,2014-01-18,0
0.0,2014-01-19,0
0.0,2014-01-20,0
0.0,2014-01-21,0
0.0,2014-01-22,0
0.0,2014-01-23,0
0.0,2014-01-24,0
0.0,2014-01-25,0
0.0,2014-01-26,0
0.0,2014-01-27,0
0.0,2014-01-28,0
0.0,2014-01-29,0
0.0,2014-01-30,0
0.0,2014-01-31,0
0.0,2014-02-01,0
0.0,2014-02-02,0
0.0,2014-02-03,0
0.0,2014-02-04,0
0.0,2014-02-05,0
0.0,2014-02-06,0
0.0,2014-02-07,0
170.3,2014-02-08,1
16.1,2014-02-09,0
0.2,2014-02-10,0
0.0,2014-02-11,0
2.6,2014-02-12,0
0.4,2014-02-13,0
53.99999999999999,2014-02-14,1
0.0,2014-02-15,0
62.7,2014-02-16,1
0.4,2014-02-17,0
3.6,2014-02-18,0
0.0,2014-02-19,0
0.0,2014-02-20,0
0.0,2014-02-21,0
0.0,2014-02-22,0
0.0,2014-02-23,0
0.0,2014-02-24,0
0.0,2014-02-25,0
0.0,2014-02-26,0
0.0,2014-02-27,0
0.0,2014-02-28,0
6.2,2014-03-01,0
0.0,2014-03-02,0
3.2,2014-03-03,0
0.0,2014-03-04,0
0.0,2014-03-05,0
0.0,2014-03-06,0
0.0,2014-03-07,0
1.5,2014-03-08,0
0.0,2014-03-09,0
0.0,2014-03-10,0
0.0,2014-03-11,0
0.0,2014-03-12,0
0.0,2014-03-13,0
0.0,2014-03-14,0
5.5,2014-03-15,0
637.5,2014-03-16,3
423.7,2014-03-17,2
530.1,2014-03-18,3
206.0,2014-03-19,2
486.6,2014-03-20,2
95.99999999999999,2014-03-21,1
0.2,2014-03-22,0
0.0,2014-03-23,0
0.0,2014-03-24,0
0.0,2014-03-25,0
1.6,2014-03-26,0
1.0,2014-03-27,0
3.1,2014-03-28,0
148.59999999999997,2014-03-29,1
26.400000000000002,2014-03-30,0
41.0,2014-03-31,0
64.19999999999999,2014-04-01,1
0.6000000000000001,2014-04-02,0
3.3000000000000003,2014-04-03,0
191.1,2014-04-04,1
626.4999999999999,2014-04-05,3
6.5,2014-04-06,0
16.4,2014-04-07,0
109.9,2014-04-08,1
50.49999999999999,2014-04-09,1
76.6,2014-04-10,1
176.70000000000002,2014-04-11,1
76.80000000000001,2014-04-12,1
77.6,2014-04-13,1
547.9,2014-04-14,3
59.400000000000006,2014-04-15,1
47.2,2014-04-16,0
320.80000000000007,2014-04-17,2
288.99999999999994,2014-04-18,2
0.4,2014-04-19,0
24.900000000000002,2014-04-20,0
104.50000000000001,2014-04-21,1
59.50000000000001,2014-04-22,1
263.2,2014-04-23,2
170.79999999999998,2014-04-24,1
82.10000000000001,2014-04-25,1
122.89999999999999,2014-04-26,1
105.10000000000001,2014-04-27,1
255.2,2014-04-28,2
151.5,2014-04-29,1
91.5,2014-04-30,1
73.1,2014-05-01,1
25.5,2014-05-02,0
93.4,2014-05-03,1
153.20000000000002,2014-05-04,1
53.6,2014-05-05,1
50.50000000000001,2014-05-06,1
516.9000000000001,2014-05-07,3
180.2,2014-05-08,1
73.60000000000001,2014-05-09,1
1.1,2014-05-10,0
127.19999999999999,2014-05-11,1
52.79999999999999,2014-05-12,1
0.0,2014-05-13,0
297.59999999999997,2014-05-14,2
35.7,2014-05-15,0
463.90000000000003,2014-05-16,2
175.9,2014-05-17,1
796.6999999999999,2014-05-18,3
402.90000000000003,2014-05-19,2
127.9,2014-05-20,1
180.6,2014-05-21,1
3.8000000000000007,2014-05-22,0
250.6,2014-05-23,2
0.2,2014-05-24,0
3.5,2014-05-25,0
104.5,2014-05-26,1
21.9,2014-05-27,0
97.2,2014-05-28,1
64.7,2014-05-29,1
310.50000000000006,2014-05-30,2
14.099999999999998,2014-05-31,0
314.20000000000005,2014-06-01,2
40.79999999999999,2014-06-02,0
10.0,2014-06-03,0
200.6,2014-06-04,2
276.6,2014-06-05,2
435.1,2014-06-06,2
32.0,2014-06-07,0
6.1,2014-06-08,0
1.1,2014-06-09,0
39.099999999999994,2014-06-10,0
0.8,2014-06-11,0
199.10000000000002,2014-06-12,1
0.0,2014-06-13,0
230.4,2014-06-14,2
89.2,2014-06-15,1
0.0,2014-06-16,0
0.0,2014-06-17,0
177.50000000000003,2014-06-18,1
107.40000000000003,2014-06-19,1
0.0,2014-06-20,0
0.0,2014-06-21,0
77.2,2014-06-22,1
0.0,2014-06-23,0
140.0,2014-06-24,1
60.699999999999996,2014-06-25,1
1.3,2014-06-26,0
5.7,2014-06-27,0
0.0,2014-06-28,0
67.60000000000001,2014-06-29,1
383.49999999999994,2014-06-30,2
0.0,2014-07-01,0
0.0,2014-07-02,0
38.0,2014-07-03,0
116.30000000000001,2014-07-04,1
504.69999999999993,2014-07-05,3
58.7,2014-07-06,1
415.90000000000003,2014-07-07,2
439.59999999999997,2014-07-08,2
586.1000000000001,2014-07-09,3
50.8,2014-07-10,1
192.6,2014-07-11,1
4.6000000000000005,2014-07-12,0
0.0,2014-07-13,0
0.0,2014-07-14,0
0.0,2014-07-15,0
0.4,2014-07-16,0
169.69999999999996,2014-07-17,1
0.0,2014-07-18,0
50.7,2014-07-19,1
0.0,2014-07-20,0
0.0,2014-07-21,0
2.2,2014-07-22,0
4.5,2014-07-23,0
0.0,2014-07-24,0
0.0,2014-07-25,0
0.0,2014-07-26,0
434.7,2014-07-27,2
0.5,2014-07-28,0
786.5,2014-07-29,3
284.29999999999995,2014-07-30,2
31.4,2014-07-31,0
18.1,2014-08-01,0
241.0,2014-08-02,2
41.6,2014-08-03,0
2.0,2014-08-04,0
201.40000000000003,2014-08-05,2
217.29999999999998,2014-08-06,2
60.19999999999999,2014-08-07,1
6.4,2014-08-08,0
0.7,2014-08-09,0
132.3,2014-08-10,1
49.4,2014-08-11,0
132.0,2014-08-12,1
23.0,2014-08-13,0
214.8,2014-08-14,2
559.3,2014-08-15,3
0.2,2014-08-16,0
0.0,2014-08-17,0
12.999999999999998,2014-08-18,0
236.79999999999998,2014-08-19,2
38.900000000000006,2014-08-20,0
277.1,2014-08-21,2
15.9,2014-08-22,0
81.69999999999999,2014-08-23,1
19.499999999999996,2014-08-24,0
212.5,2014-08-25,2
191.49999999999997,2014-08-26,1
380.70000000000005,2014-08-27,2
412.6,2014-08-28,2
286.79999999999995,2014-08-29,2
35.5,2014-08-30,0
149.10000000000002,2014-08-31,1
0.0,2014-09-01,0
0.0,2014-09-02,0
870.5999999999999,2014-09-03,3
0.8,2014-09-04,0
33.5,2014-09-05,0
17.799999999999997,2014-09-06,0
12.2,2014-09-07,0
0.0,2014-09-08,0
53.60000000000001,2014-09-09,1
3.2,2014-09-10,0
425.1,2014-09-11,2
1.2,2014-09-12,0
8.2,2014-09-13,0
0.0,2014-09-14,0
0.0,2014-09-15,0
0.0,2014-09-16,0
29.8,2014-09-17,0
8.600000000000001,2014-09-18,0
45.20000000000001,2014-09-19,0
282.6,2014-09-20,2
75.60000000000001,2014-09-21,1
0.0,2014-09-22,0
0.0,2014-09-23,0
295.09999999999997,2014-09-24,2
337.40000000000003,2014-09-25,2
0.0,2014-09-26,0
0.0,2014-09-27,0
0.0,2014-09-28,0
0.0,2014-09-29,0
0.0,2014-09-30,0
0.0,2014-10-01,0
0.0,2014-10-02,0
0.0,2014-10-03,0
514.1,2014-10-04,3
6.4,2014-10-05,0
0.0,2014-10-06,0
0.0,2014-10-07,0
0.0,2014-10-08,0
1.2,2014-10-09,0
0.0,2014-10-10,0
6.7,2014-10-11,0
8.4,2014-10-12,0
13.099999999999998,2014-10-13,0
87.2,2014-10-14,1
7.400000000000001,2014-10-15,0
243.60000000000002,2014-10-16,2
136.2,2014-10-17,1
191.29999999999995,2014-10-18,1
1.0,2014-10-19,0
0.0,2014-10-20,0
155.4,2014-10-21,1
90.50000000000001,2014-10-22,1
0.2,2014-10-23,0
0.0,2014-10-24,0
0.0,2014-10-25,0
25.2,2014-10-26,0
475.6000000000001,2014-10-27,2
69.99999999999999,2014-10-28,1
15.0,2014-10-29,0
133.5,2014-10-30,1
325.5,2014-10-31,2
79.8,2014-11-01,1
0.4,2014-11-02,0
0.6000000000000001,2014-11-03,0
0.0,2014-11-04,0
298.59999999999997,2014-11-05,2
434.49999999999994,2014-11-06,2
338.00000000000006,2014-11-07,2
852.4999999999999,2014-11-08,3
196.4,2014-11-09,1
43.800000000000004,2014-11-10,0
314.69999999999993,2014-11-11,2
242.5,2014-11-12,2
481.69999999999993,2014-11-13,2
21.700000000000003,2014-11-14,0
108.69999999999999,2014-11-15,1
119.5,2014-11-16,1
285.0,2014-11-17,2
109.1,2014-11-18,1
3.6000000000000005,2014-11-19,0
253.80000000000004,2014-11-20,2
13.4,2014-11-21,0
48.8,2014-11-22,0
316.9,2014-11-23,2
489.0,2014-11-24,2
286.49999999999994,2014-11-25,2
544.8,2014-11-26,3
9.499999999999998,2014-11-27,0
57.99999999999999,2014-11-28,1
203.49999999999994,2014-11-29,2
0.0,2014-11-30,0
241.7,2014-12-01,2
0.0,2014-12-02,0
1.8,2014-12-03,0
709.2,2014-12-04,3
0.2,2014-12-05,0
283.50000000000006,2014-12-06,2
567.8,2014-12-07,3
68.3,2014-12-08,1
10.699999999999996,2014-12-09,0
0.8,2014-12-10,0
355.40000000000003,2014-12-11,2
27.099999999999998,2014-12-12,0
332.40000000000003,2014-12-13,2
19.2,2014-12-14,0
1.1,2014-12-15,0
28.9,2014-12-16,0
821.6000000000003,2014-12-17,3
265.20000000000005,2014-12-18,2
521.3,2014-12-19,3
259.3999999999999,2014-12-20,2
221.4,2014-12-21,2
48.400000000000006,2014-12-22,0
65.8,2014-12-23,1
246.10000000000002,2014-12-24,2
50.1,2014-12-25,1
1143.7,2014-12-26,3
539.5,2014-12-27,3
40.9,2014-12-28,0
93.49999999999997,2014-12-29,1
0.0,2014-12-30,0
0.0,2014-12-31,0
5.699999999999999,2015-01-01,0
0.4,2015-01-02,0
8.6,2015-01-03,0
0.0,2015-01-04,0
2.5999999999999996,2015-01-05,0
618.3000000000001,2015-01-06,3
172.70000000000005,2015-01-07,1
407.70000000000005,2015-01-08,2
22.5,2015-01-09,0
96.10000000000002,2015-01-10,1
150.5,2015-01-11,1
15.399999999999999,2015-01-12,0
0.0,2015-01-13,0
0.0,2015-01-14,0
0.0,2015-01-15,0
0.0,2015-01-16,0
0.0,2015-01-17,0
0.0,2015-01-18,0
0.4,2015-01-19,0
0.0,2015-01-20,0
327.8,2015-01-21,2
0.0,2015-01-22,0
2.2,2015-01-23,0
4.0,2015-01-24,0
0.0,2015-01-25,0
0.0,2015-01-26,0
0.0,2015-01-27,0
9.3,2015-01-28,0
0.0,2015-01-29,0
2.2,2015-01-30,0
0.0,2015-01-31,0
0.0,2015-02-01,0
44.4,2015-02-02,0
0.2,2015-02-03,0
77.80000000000001,2015-02-04,1
3.0,2015-02-05,0
279.2,2015-02-06,2
1.8000000000000003,2015-02-07,0
0.0,2015-02-08,0
0.0,2015-02-09,0
0.0,2015-02-10,0
0.0,2015-02-11,0
0.0,2015-02-12,0
0.0,2015-02-13,0
0.0,2015-02-14,0
0.0,2015-02-15,0
0.0,2015-02-16,0
0.0,2015-02-17,0
24.400000000000002,2015-02-18,0
376.50000000000006,2015-02-19,2
0.0,2015-02-20,0
0.0,2015-02-21,0
0.2,2015-02-22,0
189.69999999999996,2015-02-23,1
0.2,2015-02-24,0
96.8,2015-02-25,1
5.3999999999999995,2015-02-26,0
0.0,2015-02-27,0
0.0,2015-02-28,0
7.6,2015-03-01,0
169.00000000000003,2015-03-02,1
0.8,2015-03-03,0
74.9,2015-03-04,1
7.0,2015-03-05,0
4.0,2015-03-06,0
0.0,2015-03-07,0
55.2,2015-03-08,1
132.5,2015-03-09,1
18.2,2015-03-10,0
255.59999999999997,2015-03-11,2
0.6000000000000001,2015-03-12,0
0.0,2015-03-13,0
290.99999999999994,2015-03-14,2
66.7,2015-03-15,1
56.400000000000006,2015-03-16,1
28.099999999999994,2015-03-17,0
0.0,2015-03-18,0
154.1,2015-03-19,1
2.8,2015-03-20,0
177.00000000000003,2015-03-21,1
762.9,2015-03-22,3
1.2,2015-03-23,0
4.800000000000001,2015-03-24,0
0.0,2015-03-25,0
1.2,2015-03-26,0
0.1,2015-03-27,0
61.10000000000001,2015-03-28,1
468.6,2015-03-29,2
3.0999999999999996,2015-03-30,0
186.1,2015-03-31,1
154.79999999999998,2015-04-01,1
670.7,2015-04-02,3
9.0,2015-04-03,0
83.29999999999998,2015-04-04,1
124.5,2015-04-05,1
94.29999999999998,2015-04-06,1
88.2,2015-04-07,1
30.1,2015-04-08,0
0.0,2015-04-09,0
9.4,2015-04-10,0
175.1,2015-04-11,1
132.60000000000002,2015-04-12,1
0.0,2015-04-13,0
0.0,2015-04-14,0
8.0,2015-04-15,0
0.0,2015-04-16,0
46.2,2015-04-17,0
12.799999999999999,2015-04-18,0
137.5,2015-04-19,1
0.0,2015-04-20,0
140.79999999999998,2015-04-21,1
136.1,2015-04-22,1
55.80000000000002,2015-04-23,1
355.29999999999995,2015-04-24,2
219.79999999999998,2015-04-25,2
149.8,2015-04-26,1
215.70000000000002,2015-04-27,2
688.3000000000001,2015-04-28,3
12.2,2015-04-29,0
119.89999999999999,2015-04-30,1
8.5,2015-05-01,0
110.39999999999998,2015-05-02,1
1145.9,2015-05-03,3
24.9,2015-05-04,0
4.2,2015-05-05,0
153.00000000000003,2015-05-06,1
81.89999999999999,2015-05-07,1
141.1,2015-05-08,1
0.0,2015-05-09,0
10.0,2015-05-10,0
0.0,2015-05-11,0
31.7,2015-05-12,0
96.1,2015-05-13,1
249.90000000000003,2015-05-14,2
490.4000000000001,2015-05-15,2
36.7,2015-05-16,0
21.8,2015-05-17,0
476.5,2015-05-18,2
104.4,2015-05-19,1
84.70000000000002,2015-05-20,1
0.0,2015-05-21,0
72.1,2015-05-22,1
354.5,2015-05-23,2
1.0,2015-05-24,0
63.900000000000006,2015-05-25,1
122.20000000000002,2015-05-26,1
6.0,2015-05-27,0
1.5,2015-05-28,0
8.3,2015-05-29,0
0.4,2015-05-30,0
2.4,2015-05-31,0
0.0,2015-06-01,0
82.3,2015-06-02,1
0.0,2015-06-03,0
35.20000000000001,2015-06-04,0
1.8,2015-06-05,0
159.1,2015-06-06,1
304.7,2015-06-07,2
206.8,2015-06-08,2
3.4,2015-06-09,0
13.7,2015-06-10,0
39.39999999999999,2015-06-11,0
312.9,2015-06-12,2
1.9,2015-06-13,0
189.70000000000002,2015-06-14,1
6.8999999999999995,2015-06-15,0
136.9,2015-06-16,1
24.599999999999998,2015-06-17,0
0.0,2015-06-18,0
0.0,2015-06-19,0
0.0,2015-06-20,0
0.0,2015-06-21,0
0.0,2015-06-22,0
0.0,2015-06-23,0
6.1000000000000005,2015-06-24,0
0.0,2015-06-25,0
0.0,2015-06-26,0
0.0,2015-06-27,0
16.400000000000002,2015-06-28,0
0.0,2015-06-29,0
0.0,2015-06-30,0
87.20000000000002,2015-07-01,1
6.5,2015-07-02,0
0.6000000000000001,2015-07-03,0
461.6000000000001,2015-07-04,2
0.0,2015-07-05,0
10.3,2015-07-06,0
4.7,2015-07-07,0
167.7,2015-07-08,1
8.4,2015-07-09,0
223.69999999999996,2015-07-10,2
21.6,2015-07-11,0
6.199999999999999,2015-07-12,0
14.0,2015-07-13,0
293.9,2015-07-14,2
0.0,2015-07-15,0
22.8,2015-07-16,0
194.40000000000003,2015-07-17,1
22.4,2015-07-18,0
20.9,2015-07-19,0
1.8,2015-07-20,0
10.6,2015-07-21,0
0.0,2015-07-22,0
1.0,2015-07-23,0
7.3,2015-07-24,0
0.0,2015-07-25,0
74.5,2015-07-26,1
5.8,2015-07-27,0
32.7,2015-07-28,0
0.2,2015-07-29,0
19.200000000000003,2015-07-30,0
157.09999999999997,2015-07-31,1
11.400000000000002,2015-08-01,0
3.6,2015-08-02,0
556.1,2015-08-03,3
501.29999999999995,2015-08-04,3
0.1,2015-08-05,0
279.0,2015-08-06,2
510.6,2015-08-07,3
432.00000000000006,2015-08-08,2
235.39999999999998,2015-08-09,2
15.399999999999999,2015-08-10,0
182.7,2015-08-11,1
243.6,2015-08-12,2
8.8,2015-08-13,0
0.0,2015-08-14,0
0.0,2015-08-15,0
21.2,2015-08-16,0
37.8,2015-08-17,0
0.2,2015-08-18,0
0.0,2015-08-19,0
0.0,2015-08-20,0
107.99999999999999,2015-08-21,1
23.4,2015-08-22,0
0.0,2015-08-23,0
0.8,2015-08-24,0
161.50000000000003,2015-08-25,1
36.800000000000004,2015-08-26,0
0.0,2015-08-27,0
0.0,2015-08-28,0
0.2,2015-08-29,0
47.70000000000001,2015-08-30,0
1.0,2015-08-31,0
0.0,2015-09-01,0
0.0,2015-09-02,0
86.0,2015-09-03,1
31.0,2015-09-04,0
0.0,2015-09-05,0
0.0,2015-09-06,0
0.0,2015-09-07,0
0.0,2015-09-08,0
307.9,2015-09-09,2
0.2,2015-09-10,0
0.0,2015-09-11,0
0.0,2015-09-12,0
0.0,2015-09-13,0
16.9,2015-09-14,0
574.3,2015-09-15,3
225.19999999999996,2015-09-16,2
0.0,2015-09-17,0
0.0,2015-09-18,0
0.0,2015-09-19,0
45.6,2015-09-20,0
107.5,2015-09-21,1
56.6,2015-09-22,1
0.0,2015-09-23,0
0.0,2015-09-24,0
0.0,2015-09-25,0
0.0,2015-09-26,0
0.6000000000000001,2015-09-27,0
573.5000000000001,2015-09-28,3
0.8,2015-09-29,0
142.69999999999996,2015-09-30,1
12.200000000000001,2015-10-01,0
348.6,2015-10-02,2
0.0,2015-10-03,0
0.0,2015-10-04,0
57.0,2015-10-05,1
271.79999999999995,2015-10-06,2
240.19999999999993,2015-10-07,2
27.7,2015-10-08,0
0.0,2015-10-09,0
0.0,2015-10-10,0
0.0,2015-10-11,0
0.0,2015-10-12,0
16.2,2015-10-13,0
32.0,2015-10-14,0
0.0,2015-10-15,0
0.0,2015-10-16,0
0.0,2015-10-17,0
0.0,2015-10-18,0
0.0,2015-10-19,0
0.0,2015-10-20,0
0.0,2015-10-21,0
0.0,2015-10-22,0
0.0,2015-10-23,0
65.00000000000001,2015-10-24,1
56.5,2015-10-25,1
0.4,2015-10-26,0
48.9,2015-10-27,0
371.2000000000001,2015-10-28,2
6.4,2015-10-29,0
178.99999999999997,2015-10-30,1
45.29999999999999,2015-10-31,0
22.89999999999999,2015-11-01,0
196.30000000000004,2015-11-02,1
11.499999999999998,2015-11-03,0
47.5,2015-11-04,0
22.2,2015-11-05,0
18.3,2015-11-06,0
353.49999999999994,2015-11-07,2
56.1,2015-11-08,1
133.7,2015-11-09,1
58.199999999999996,2015-11-10,1
249.20000000000002,2015-11-11,2
12.2,2015-11-12,0
233.20000000000002,2015-11-13,2
1.4,2015-11-14,0
36.3,2015-11-15,0
418.4,2015-11-16,2
484.70000000000005,2015-11-17,2
0.0,2015-11-18,0
43.99999999999999,2015-11-19,0
149.0,2015-11-20,1
156.5,2015-11-21,1
3.900000000000001,2015-11-22,0
0.2,2015-11-23,0
560.5999999999999,2015-11-24,3
249.10000000000002,2015-11-25,2
199.7,2015-11-26,1
41.0,2015-11-27,0
34.6,2015-11-28,0
39.8,2015-11-29,0
415.69999999999993,2015-11-30,2
506.2000000000001,2015-12-01,3
116.00000000000003,2015-12-02,1
56.900000000000006,2015-12-03,1
97.8,2015-12-04,1
672.3000000000001,2015-12-05,3
196.6,2015-12-06,1
0.8,2015-12-07,0
431.50000000000006,2015-12-08,2
40.9,2015-12-09,0
645.6999999999999,2015-12-10,3
475.1,2015-12-11,2
352.9000000000001,2015-12-12,2
251.6,2015-12-13,2
38.0,2015-12-14,0
0.0,2015-12-15,0
11.800000000000002,2015-12-16,0
0.0,2015-12-17,0
57.400000000000006,2015-12-18,1
6.4,2015-12-19,0
0.0,2015-12-20,0
3.4,2015-12-21,0
9.799999999999999,2015-12-22,0
139.5,2015-12-23,1
530.2,2015-12-24,3
55.400000000000006,2015-12-25,1
0.0,2015-12-26,0
0.0,2015-12-27,0
216.09999999999997,2015-12-28,2
307.0,2015-12-29,2
6.000000000000001,2015-12-30,0
163.2,2015-12-31,1
69.39999999999999,2016-01-01,1
392.59999999999997,2016-01-02,2
77.10000000000001,2016-01-03,1
54.2,2016-01-04,1
1.5999999999999999,2016-01-05,0
19.0,2016-01-06,0
0.0,2016-01-07,0
0.0,2016-01-08,0
41.199999999999996,2016-01-09,0
0.0,2016-01-10,0
231.29999999999998,2016-01-11,2
1.0,2016-01-12,0
5.0,2016-01-13,0
125.3,2016-01-14,1
295.59999999999997,2016-01-15,2
162.79999999999998,2016-01-16,1
327.9,2016-01-17,2
136.6,2016-01-18,1
25.6,2016-01-19,0
76.8,2016-01-20,1
7.200000000000002,2016-01-21,0
335.70000000000005,2016-01-22,2
114.20000000000002,2016-01-23,1
3.5,2016-01-24,0
88.60000000000001,2016-01-25,1
78.7,2016-01-26,1
3.5999999999999996,2016-01-27,0
178.79999999999998,2016-01-28,1
105.0,2016-01-29,1
0.4,2016-01-30,0
73.4,2016-01-31,1
0.0,2016-02-01,0
70.10000000000001,2016-02-02,1
2.0,2016-02-03,0
98.80000000000001,2016-02-04,1
255.1,2016-02-05,2
159.0,2016-02-06,1
430.6000000000001,2016-02-07,2
1.4999999999999998,2016-02-08,0
0.2,2016-02-09,0
22.299999999999997,2016-02-10,0
1.5999999999999999,2016-02-11,0
208.20000000000002,2016-02-12,2
0.0,2016-02-13,0
160.00000000000003,2016-02-14,1
3.2,2016-02-15,0
0.0,2016-02-16,0
0.0,2016-02-17,0
9.000000000000002,2016-02-18,0
1469.3,2016-02-19,3
81.49999999999999,2016-02-20,1
0.0,2016-02-21,0
0.0,2016-02-22,0
1.2,2016-02-23,0
306.0999999999999,2016-02-24,2
1.9999999999999998,2016-02-25,0
0.1,2016-02-26,0
0.0,2016-02-27,0
4.0,2016-02-28,0
0.0,2016-02-29,0
0.8,2016-03-01,0
0.0,2016-03-02,0
0.0,2016-03-03,0
15.6,2016-03-04,0
32.8,2016-03-05,0
0.2,2016-03-06,0
26.4,2016-03-07,0
417.40000000000003,2016-03-08,2
0.6000000000000001,2016-03-09,0
204.79999999999995,2016-03-10,2
0.8,2016-03-11,0
0.0,2016-03-12,0
313.90000000000003,2016-03-13,2
48.4,2016-03-14,0
0.0,2016-03-15,0
0.0,2016-03-16,0
3.2,2016-03-17,0
0.0,2016-03-18,0
0.0,2016-03-19,0
44.0,2016-03-20,0
172.0,2016-03-21,1
24.2,2016-03-22,0
0.0,2016-03-23,0
42.6,2016-03-24,0
80.2,2016-03-25,1
0.0,2016-03-26,0
0.0,2016-03-27,0
0.0,2016-03-28,0
0.0,2016-03-29,0
0.0,2016-03-30,0
0.4,2016-03-31,0
0.0,2016-04-01,0
4.3,2016-04-02,0
138.3,2016-04-03,1
88.80000000000001,2016-04-04,1
91.1,2016-04-05,1
0.0,2016-04-06,0
8.0,2016-04-07,0
0.6,2016-04-08,0
446.29999999999995,2016-04-09,2
37.89999999999999,2016-04-10,0
15.2,2016-04-11,0
96.10000000000001,2016-04-12,1
63.699999999999996,2016-04-13,1
52.300000000000004,2016-04-14,1
44.7,2016-04-15,0
96.30000000000001,2016-04-16,1
34.0,2016-04-17,0
0.0,2016-04-18,0
0.2,2016-04-19,0
228.9,2016-04-20,2
0.2,2016-04-21,0
250.19999999999993,2016-04-22,2
162.1,2016-04-23,1
25.0,2016-04-24,0
223.2,2016-04-25,2
42.60000000000001,2016-04-26,0
141.1,2016-04-27,1
106.6,2016-04-28,1
324.9,2016-04-29,2
124.5,2016-04-30,1
7.6000000000000005,2016-05-01,0
102.1,2016-05-02,1
0.4,2016-05-03,0
0.0,2016-05-04,0
172.9,2016-05-05,1
20.2,2016-05-06,0
13.7,2016-05-07,0
11.7,2016-05-08,0
42.0,2016-05-09,0
0.0,2016-05-10,0
629.2,2016-05-11,3
6.1,2016-05-12,0
127.19999999999999,2016-05-13,1
490.70000000000005,2016-05-14,2
153.10000000000002,2016-05-15,1
290.69999999999993,2016-05-16,2
79.4,2016-05-17,1
317.30000000000007,2016-05-18,2
18.299999999999997,2016-05-19,0
3.8999999999999995,2016-05-20,0
179.5,2016-05-21,1
572.9000000000001,2016-05-22,3
43.599999999999994,2016-05-23,0
13.2,2016-05-24,0
104.19999999999999,2016-05-25,1
1.4999999999999998,2016-05-26,0
0.0,2016-05-27,0
242.70000000000002,2016-05-28,2
6.4,2016-05-29,0
45.50000000000001,2016-05-30,0
0.0,2016-05-31,0
275.1,2016-06-01,2
219.4,2016-06-02,2
24.500000000000004,2016-06-03,0
27.400000000000006,2016-06-04,0
0.4,2016-06-05,0
55.6,2016-06-06,1
18.3,2016-06-07,0
431.90000000000003,2016-06-08,2
169.5,2016-06-09,1
44.2,2016-06-10,0
96.60000000000001,2016-06-11,1
24.9,2016-06-12,0
41.8,2016-06-13,0
12.799999999999999,2016-06-14,0
413.00000000000006,2016-06-15,2
129.9,2016-06-16,1
733.0,2016-06-17,3
7.800000000000001,2016-06-18,0
0.2,2016-06-19,0
0.0,2016-06-20,0
9.3,2016-06-21,0
97.20000000000002,2016-06-22,1
0.0,2016-06-23,0
768.4999999999999,2016-06-24,3
10.600000000000001,2016-06-25,0
7.9,2016-06-26,0
0.0,2016-06-27,0
0.0,2016-06-28,0
0.0,2016-06-29,0
1.2,2016-06-30,0
0.0,2016-07-01,0
0.0,2016-07-02,0
0.0,2016-07-03,0
0.0,2016-07-04,0
0.0,2016-07-05,0
65.60000000000001,2016-07-06,1
41.2,2016-07-07,0
272.5,2016-07-08,2
0.0,2016-07-09,0
0.0,2016-07-10,0
224.39999999999995,2016-07-11,2
0.0,2016-07-12,0
162.2,2016-07-13,1
125.10000000000001,2016-07-14,1
251.9,2016-07-15,2
4.3,2016-07-16,0
117.10000000000002,2016-07-17,1
169.3,2016-07-18,1
240.60000000000002,2016-07-19,2
572.5,2016-07-20,3
470.99999999999994,2016-07-21,2
176.9,2016-07-22,1
76.9,2016-07-23,1
136.3,2016-07-24,1
6.0,2016-07-25,0
299.29999999999995,2016-07-26,2
0.0,2016-07-27,0
179.3,2016-07-28,1
0.0,2016-07-29,0
0.6,2016-07-30,0
156.1,2016-07-31,1
101.39999999999999,2016-08-01,1
0.8,2016-08-02,0
122.0,2016-08-03,1
0.0,2016-08-04,0
4.6000000000000005,2016-08-05,0
114.99999999999999,2016-08-06,1
0.4,2016-08-07,0
0.0,2016-08-08,0
27.400000000000002,2016-08-09,0
0.0,2016-08-10,0
49.7,2016-08-11,0
41.1,2016-08-12,0
29.299999999999997,2016-08-13,0
13.099999999999998,2016-08-14,0
6.7,2016-08-15,0
0.0,2016-08-16,0
109.80000000000001,2016-08-17,1
0.2,2016-08-18,0
388.5,2016-08-19,2
44.4,2016-08-20,0
316.30000000000007,2016-08-21,2
0.2,2016-08-22,0
69.2,2016-08-23,1
498.40000000000003,2016-08-24,2
0.0,2016-08-25,0
0.0,2016-08-26,0
31.599999999999998,2016-08-27,0
0.0,2016-08-28,0
10.6,2016-08-29,0
80.1,2016-08-30,1
20.4,2016-08-31,0
96.19999999999999,2016-09-01,1
0.6000000000000001,2016-09-02,0
0.0,2016-09-03,0
104.80000000000001,2016-09-04,1
14.799999999999999,2016-09-05,0
65.0,2016-09-06,1
255.4,2016-09-07,2
0.0,2016-09-08,0
83.80000000000001,2016-09-09,1
138.39999999999998,2016-09-10,1
52.900000000000006,2016-09-11,1
90.1,2016-09-12,1
0.0,2016-09-13,0
358.5999999999999,2016-09-14,2
0.0,2016-09-15,0
217.5,2016-09-16,2
8.299999999999999,2016-09-17,0
314.79999999999995,2016-09-18,2
214.59999999999997,2016-09-19,2
130.6,2016-09-20,1
37.199999999999996,2016-09-21,0
0.0,2016-09-22,0
0.0,2016-09-23,0
0.0,2016-09-24,0
10.7,2016-09-25,0
5.8,2016-09-26,0
2.0,2016-09-27,0
1.2,2016-09-28,0
0.0,2016-09-29,0
57.5,2016-09-30,1
2.8000000000000007,2016-10-01,0
3.8,2016-10-02,0
442.6,2016-10-03,2
4.6000000000000005,2016-10-04,0
8.0,2016-10-05,0
48.5,2016-10-06,0
820.3000000000001,2016-10-07,3
0.6000000000000001,2016-10-08,0
37.0,2016-10-09,0
0.0,2016-10-10,0
0.0,2016-10-11,0
17.6,2016-10-12,0
8.3,2016-10-13,0
349.50000000000006,2016-10-14,2
0.6000000000000001,2016-10-15,0
133.3,2016-10-16,1
0.8,2016-10-17,0
34.0,2016-10-18,0
261.90000000000003,2016-10-19,2
0.0,2016-10-20,0
105.1,2016-10-21,1
31.200000000000006,2016-10-22,0
8.899999999999999,2016-10-23,0
218.2,2016-10-24,2
527.2,2016-10-25,3
24.0,2016-10-26,0
275.3,2016-10-27,2
157.79999999999998,2016-10-28,1
202.69999999999996,2016-10-29,2
20.0,2016-10-30,0
0.4,2016-10-31,0
433.6000000000001,2016-11-01,2
278.40000000000003,2016-11-02,2
87.50000000000003,2016-11-03,1
118.89999999999999,2016-11-04,1
132.70000000000002,2016-11-05,1
7.800000000000001,2016-11-06,0
61.4,2016-11-07,1
0.4,2016-11-08,0
160.00000000000003,2016-11-09,1
216.8,2016-11-10,2
176.4,2016-11-11,1
141.2,2016-11-12,1
54.89999999999999,2016-11-13,1
536.1999999999999,2016-11-14,3
149.59999999999997,2016-11-15,1
451.40000000000003,2016-11-16,2
175.9,2016-11-17,1
116.89999999999999,2016-11-18,1
135.49999999999997,2016-11-19,1
92.29999999999998,2016-11-20,1
52.099999999999994,2016-11-21,1
21.6,2016-11-22,0
42.8,2016-11-23,0
0.2,2016-11-24,0
261.0,2016-11-25,2
389.6,2016-11-26,2
53.9,2016-11-27,1
0.0,2016-11-28,0
2.9000000000000004,2016-11-29,0
0.0,2016-11-30,0
166.00000000000003,2016-12-01,1
49.300000000000004,2016-12-02,0
74.80000000000001,2016-12-03,1
42.1,2016-12-04,0
137.7,2016-12-05,1
112.0,2016-12-06,1
41.00000000000001,2016-12-07,0
6.9,2016-12-08,0
235.49999999999997,2016-12-09,2
40.0,2016-12-10,0
67.3,2016-12-11,1
0.0,2016-12-12,0
14.3,2016-12-13,0
1.2,2016-12-14,0
0.0,2016-12-15,0
8.7,2016-12-16,0
189.90000000000003,2016-12-17,1
306.99999999999994,2016-12-18,2
32.2,2016-12-19,0
1.7,2016-12-20,0
41.6,2016-12-21,0
444.8,2016-12-22,2
404.3,2016-12-23,2
719.1999999999999,2016-12-24,3
259.5,2016-12-25,2
0.4,2016-12-26,0
76.5,2016-12-27,1
55.900000000000006,2016-12-28,1
0.0,2016-12-29,0
85.79999999999998,2016-12-30,1
0.2,2016-12-31,0
306.8999999999999,2017-01-01,2
265.5,2017-01-02,2
57.0,2017-01-03,1
49.1,2017-01-04,0
27.299999999999997,2017-01-05,0
0.8,2017-01-06,0
0.0,2017-01-07,0
3.9000000000000004,2017-01-08,0
0.0,2017-01-09,0
165.8,2017-01-10,1
258.20000000000005,2017-01-11,2
0.0,2017-01-12,0
28.6,2017-01-13,0
5.0,2017-01-14,0
29.2,2017-01-15,0
3.0,2017-01-16,0
0.0,2017-01-17,0
520.3000000000001,2017-01-18,3
515.2,2017-01-19,3
113.6,2017-01-20,1
494.70000000000005,2017-01-21,2
311.99999999999994,2017-01-22,2
1327.9,2017-01-23,3
316.29999999999995,2017-01-24,2
80.2,2017-01-25,1
46.5,2017-01-26,0
13.1,2017-01-27,0
103.10000000000001,2017-01-28,1
2.7,2017-01-29,0
125.49999999999997,2017-01-30,1
3.8,2017-01-31,0
0.8,2017-02-01,0
35.8,2017-02-02,0
422.29999999999995,2017-02-03,2
306.30000000000007,2017-02-04,2
51.3,2017-02-05,1
30.2,2017-02-06,0
206.49999999999997,2017-02-07,2
573.9000000000001,2017-02-08,3
3.0,2017-02-09,0
0.2,2017-02-10,0
3.1,2017-02-11,0
68.1,2017-02-12,1
46.8,2017-02-13,0
38.8,2017-02-14,0
180.49999999999997,2017-02-15,1
1.3,2017-02-16,0
0.0,2017-02-17,0
0.0,2017-02-18,0
4.3,2017-02-19,0
34.900000000000006,2017-02-20,0
117.10000000000001,2017-02-21,1
0.0,2017-02-22,0
224.89999999999998,2017-02-23,2
376.80000000000007,2017-02-24,2
103.8,2017-02-25,1
36.800000000000004,2017-02-26,0
4.2,2017-02-27,0
142.5,2017-02-28,1
486.0,2017-03-01,2
6.7,2017-03-02,0
303.79999999999995,2017-03-03,2
114.5,2017-03-04,1
92.39999999999999,2017-03-05,1
301.5,2017-03-06,2
12.8,2017-03-07,0
8.8,2017-03-08,0
0.0,2017-03-09,0
0.0,2017-03-10,0
111.39999999999999,2017-03-11,1
132.40000000000003,2017-03-12,1
56.3,2017-03-13,1
42.0,2017-03-14,0
0.0,2017-03-15,0
22.3,2017-03-16,0
149.9,2017-03-17,1
72.5,2017-03-18,1
65.9,2017-03-19,1
183.2,2017-03-20,1
57.099999999999994,2017-03-21,1
164.4,2017-03-22,1
0.0,2017-03-23,0
11.7,2017-03-24,0
377.1,2017-03-25,2
5.199999999999999,2017-03-26,0
27.6,2017-03-27,0
87.70000000000002,2017-03-28,1
155.10000000000002,2017-03-29,1
205.6,2017-03-30,2
135.4,2017-03-31,1
116.6,2017-04-01,1
6.400000000000001,2017-04-02,0
125.00000000000001,2017-04-03,1
112.4,2017-04-04,1
18.1,2017-04-05,0
44.900000000000006,2017-04-06,0
324.1,2017-04-07,2
54.900000000000006,2017-04-08,1
113.4,2017-04-09,1
7.1000000000000005,2017-04-10,0
36.800000000000004,2017-04-11,0
277.29999999999995,2017-04-12,2
363.3,2017-04-13,2
228.8,2017-04-14,2
105.40000000000002,2017-04-15,1
21.599999999999998,2017-04-16,0
128.8,2017-04-17,1
815.3,2017-04-18,3
1.8000000000000003,2017-04-19,0
48.599999999999994,2017-04-20,0
446.2999999999999,2017-04-21,2
79.99999999999997,2017-04-22,1
21.799999999999997,2017-04-23,0
270.0,2017-04-24,2
129.7,2017-04-25,1
154.5,2017-04-26,1
239.79999999999995,2017-04-27,2
213.0,2017-04-28,2
15.399999999999999,2017-04-29,0
0.2,2017-04-30,0
0.0,2018-11-02,0
